,Word,Count
163,tinder,711
157,like,679
83,get,579
467,match,480
166,girl,468
60,ask,441
342,want,416
478,scam,403
123,go,368
404,say,367
222,know,309
109,one,309
291,look,303
486,profil,299
164,date,277
138,time,272
80,said,260
172,see,258
81,would,254
162,guy,251
229,peopl,244
186,talk,244
90,got,237
42,day,237
23,use,229
317,think,227
432,catfish,218
77,even,217
211,messag,215
234,number,213
286,meet,211
119,tri,209
297,app,199
231,account,196
183,pictur,195
159,realli,194
403,text,190
350,thing,187
292,first,187
417,make,181
361,someth,180
360,someon,177
86,back,175
679,seem,174
362,right,171
632,good,163
62,also,160
333,feel,160
187,person,159
299,tell,152
839,start,152
161,send,151
424,women,151
270,photo,147
121,call,147
920,anyon,146
534,swipe,144
61,could,143
36,happen,138
88,come,137
126,phone,136
30,actual,133
344,week,133
243,never,131
332,give,131
214,anyth,131
841,friend,128
247,way,121
136,told,118
1219,dont,115
9,money,114
226,work,113
1096,http,113
228,lot,111
407,new,111
1097,com,111
258,show,110
14,need,109
110,take,107
282,convers,107
213,thought,107
29,sure,107
285,chat,106
675,pic,105
439,month,105
224,well,104
249,still,104
255,name,103
252,pretti,102
303,much,99
388,find,98
274,els,97
191,year,95
470,fake,95
251,went,95
223,live,95
98,end,93
375,bit,91
47,last,91
528,fuck,89
312,interest,88
150,sent,88
473,gold,87
43,post,86
68,pay,86
181,later,83
1092,link,82
384,noth,82
445,mayb,82
192,ago,81
219,away,80
20,card,80
357,place,80
94,sinc,79
277,let,79
1136,site,79
15,put,78
324,littl,77
268,differ,77
48,two,77
262,hour,76
716,anoth,76
591,keep,76
483,mani,75
358,night,75
713,bio,74
151,around,73
321,question,72
307,face,72
554,long,70
497,snapchat,70
143,report,69
641,attract,69
1053,verifi,69
133,help,69
789,coupl,68
99,stori,68
1236,didnt,67
645,unmatch,67
44,made,67
727,mean,67
273,open,66
687,shit,65
491,experi,64
50,everi,64
442,super,64
189,move,63
281,met,63
242,reason,63
352,alway,63
520,sex,63
571,set,62
89,probabl,62
869,weird,62
125,play,61
129,gave,59
431,anyway,58
194,websit,58
100,minut,58
239,though,58
369,legit,57
373,bad,56
1316,woman,56
1404,ive,56
1320,snap,55
1119,repli,55
87,ever,55
652,ok,55
435,plu,55
174,immedi,55
590,old,55
171,check,54
935,respond,54
122,kind,54
1064,scammer,54
212,left,54
236,usual,54
351,men,53
543,delet,53
284,video,53
976,normal,52
575,might,52
569,she,52
2055,etc,51
104,stop,51
168,drink,51
385,point,51
389,real,51
628,citi,51
108,least,50
615,found,50
200,next,50
975,wonder,50
261,almost,50
977,bar,50
314,enough,49
93,wait,49
631,hot,49
95,alreadi,49
2359,whatsapp,49
132,email,49
1758,sign,48
647,fun,48
661,stuff,48
506,dude,48
1373,us,48
411,nice,48
1030,decid,48
561,car,47
702,f,47
1015,watch,47
319,everyth,47
566,flag,47
1067,hey,46
63,share,46
210,leav,46
522,life,46
1209,sort,46
145,guess,46
595,mind,45
264,came,45
325,better,45
1071,similar,45
565,red,45
495,recent,45
493,turn,45
13,inform,45
434,lol,45
354,possibl,44
1112,mile,44
1739,invest,44
382,either,44
835,googl,44
603,home,44
688,buy,43
1079,obvious,43
494,age,43
2041,free,43
1166,x,43
310,sound,42
574,block,42
11,today,42
1089,boost,42
783,follow,42
31,contact,42
1343,instagram,42
671,edit,42
1299,wasnt,42
371,search,42
4,notic,41
1737,wg,41
1244,cant,41
1120,continu,41
484,liter,41
311,best,41
241,run,41
406,read,40
66,walk,40
1191,believ,40
678,howev,39
1640,wrong,39
340,thank,39
981,second,39
320,everyon,39
232,without,39
220,done,39
235,answer,39
457,complet,38
1215,suggest,38
215,figur,38
523,case,38
1075,relationship,38
188,mention,37
253,address,37
1296,he,37
84,pick,37
526,love,37
1196,curiou,37
205,hope,37
152,fine,37
250,onlin,37
158,wast,37
433,pleas,37
160,care,37
276,yet,37
505,hit,37
555,drive,36
413,saw,36
912,c,36
551,hookup,36
872,social,36
131,line,36
611,took,36
380,past,36
254,info,36
19,credit,36
409,cute,35
462,receiv,35
466,ban,35
76,chanc,35
609,game,35
749,short,34
786,idea,34
755,chang,34
41,whatev,34
782,chick,34
420,less,34
646,common,34
943,great,34
1581,exchang,33
572,rob,33
722,cours,33
51,locat,33
741,asian,33
156,far,33
425,felt,33
485,word,33
1254,kin,33
1576,www,33
1149,user,33
399,situat,33
1188,appar,32
289,plan,32
376,may,32
283,facebook,32
1093,imgur,32
178,issu,32
2365,crypto,32
199,true,32
584,stay,32
1366,ye,32
968,part,32
2130,code,31
349,type,31
585,safe,31
880,kept,31
563,doesnt,31
1305,apart,31
1613,hook,31
287,big,31
558,area,31
290,along,31
1167,seen,30
12,polic,30
1,reddit,30
580,id,30
193,assum,30
1081,bot,30
55,busi,30
1423,that,30
180,hous,30
806,whole,30
1111,suspici,30
650,gonna,30
683,shot,30
2279,claim,29
2,respons,29
766,offer,29
487,clearli,29
298,click,29
107,singl,29
197,abl,29
1234,close,29
1001,agre,29
517,rape,29
798,hi,28
496,ad,28
681,add,28
2438,png,28
78,state,28
568,heard,28
797,soon,28
500,lie,28
381,half,28
2237,convo,28
553,list,27
453,honestli,27
353,knew,27
1146,suppos,27
378,late,27
1315,basic,27
1533,confus,27
329,definit,27
781,sexual,27
1693,man,27
2181,deal,27
208,high,27
1398,comment,26
708,sometim,26
1262,togeth,26
359,worri,26
1530,tonight,26
2148,often,26
1205,cool,26
1537,your,26
567,head,26
1109,taken,26
649,dick,26
1522,format,26
1174,quit,26
909,seriou,25
852,sens,25
438,subscript,25
2271,imag,25
774,e,25
2242,verif,25
459,featur,25
2254,download,25
421,total,25
651,averag,25
1680,goe,25
96,multipl,25
891,easi,24
1086,paid,24
405,hard,24
492,hand,24
182,screenshot,24
1885,ghost,24
372,extrem,24
1463,door,24
739,instead,24
227,tomorrow,23
392,pull,23
1656,strang,23
1417,gotten,23
1384,trust,23
2385,obviou,23
960,learn,23
956,full,23
667,visit,23
932,random,23
165,invit,23
489,odd,22
450,servic,22
37,morn,22
723,bodi,22
1386,oh,22
1105,model,22
923,serious,22
2828,chines,22
2520,cam,22
316,town,22
356,hang,22
366,side,22
1556,within,22
879,entir,21
619,none,21
994,hell,21
1017,assault,21
509,especi,21
1682,wtf,21
503,absolut,21
737,gener,21
456,okay,21
1668,page,21
764,colleg,21
259,three,21
1507,media,21
2320,nude,21
237,cash,21
49,gone,21
72,charg,21
1318,yeah,21
275,pass,21
395,forward,21
2427,auto,21
401,huge,21
837,group,20
1151,femal,20
32,final,20
400,sorri,20
115,famili,20
2394,english,20
1161,given,20
765,job,20
2098,understand,20
692,outsid,20
1745,speak,20
2758,caus,20
821,rememb,20
1529,what,20
838,advic,20
531,worth,20
1353,boyfriend,20
331,sub,20
124,forth,20
2422,preview,20
202,amount,20
471,notif,20
969,creat,20
2425,width,20
2423,redd,20
2277,countri,20
939,eye,20
744,hear,20
2428,webp,20
1677,joke,20
5,updat,20
913,ass,20
1609,casual,20
430,expect,20
1239,distanc,19
335,consid,19
1454,near,19
951,current,19
1006,screen,19
995,explain,19
240,option,19
993,problem,19
1474,connect,19
34,appear,19
1155,weekend,19
198,confirm,18
1518,sever,18
79,anymor,18
1304,mine,18
313,scare,18
998,uber,18
1375,begin,18
696,k,18
1714,there,18
1738,safeti,18
556,somewher,18
70,bring,18
134,readi,18
225,fact,18
1009,fast,18
929,detail,18
1681,ill,18
1076,earli,18
444,realiz,18
38,th,18
370,must,18
334,public,18
1771,prefer,18
823,stand,18
1577,youtub,18
1753,per,18
130,direct,17
218,concern,17
1374,restaur,17
185,includ,17
793,test,17
1082,initi,17
724,fat,17
599,eat,17
1074,term,17
1911,main,17
957,r,17
851,hate,17
2157,im,17
328,privat,17
1467,drop,17
175,cancel,17
144,order,17
815,lead,17
919,wanna,17
1435,moment,16
930,crazi,16
2146,idk,16
1558,stranger,16
2338,jpg,16
588,quickli,16
978,grab,16
1080,non,16
624,male,16
597,beauti,16
974,sit,16
148,request,16
1664,pop,16
1491,pretend,16
195,base,16
1961,girlfriend,16
57,yesterday,16
2165,whether,16
1416,havent,16
840,smile,16
2104,enter,16
499,stupid,16
1606,potenti,16
1220,attent,16
343,spend,16
1214,other,16
1218,upload,16
533,happi,16
2250,disappear,16
955,write,15
552,small,15
302,camera,15
1101,began,15
428,bullshit,15
914,except,15
105,transact,15
2695,insta,15
721,unless,15
2155,platform,15
769,directli,15
169,movi,15
153,ladi,15
449,activ,15
822,laugh,15
1114,kik,15
778,funni,15
581,rather,15
1538,horni,15
28,attempt,15
601,room,15
117,eventu,15
1617,couldnt,15
582,kill,15
800,straight,15
278,awar,15
559,bunch,15
1655,isnt,15
396,somebodi,15
1145,across,15
1264,convinc,15
1227,food,15
1257,hello,15
1406,ugli,14
734,futur,14
773,regular,14
1429,ex,14
1461,kid,14
17,steal,14
53,secur,14
842,rest,14
812,bore,14
1894,easili,14
74,greyhound,14
776,extra,14
40,exactli,14
1341,protect,14
868,mostli,14
1376,nervou,14
0,remov,14
154,rude,14
2270,revers,14
1126,spam,14
2506,clear,14
1779,bought,14
579,fishi,14
1959,doubt,14
985,simpli,14
1024,hold,14
167,dinner,14
982,third,14
529,quick,14
476,surpris,14
1289,honest,14
475,top,14
587,luck,14
1083,result,14
1040,wont,14
2218,opinion,14
1256,engag,14
1732,lose,14
2076,phish,13
859,v,13
2525,haha,13
2227,approach,13
2107,superlik,13
855,perfect,13
1657,kiss,13
711,touch,13
691,specif,13
367,bed,13
330,rule,13
1583,matter,13
58,offic,13
1060,switch,13
514,intent,13
1524,enjoy,13
1412,dead,13
1570,suddenli,13
719,selfi,13
1051,hospit,13
1631,finish,13
1048,anywher,13
1043,broken,13
116,catch,13
2509,fairli,13
3359,instantli,13
120,miss,13
2034,titl,13
1630,despit,13
2777,ig,13
2982,vote,13
1448,blue,13
779,flirt,13
102,investig,13
1839,white,13
416,filter,13
662,success,13
1549,insid,12
468,behind,12
472,trick,12
1457,alon,12
2091,school,12
760,world,12
461,custom,12
3172,poll,12
1659,meal,12
1441,drug,12
1178,five,12
52,view,12
2222,coffe,12
2230,known,12
1460,prostitut,12
1122,exampl,12
502,smart,12
3075,cum,12
1148,major,12
1046,refus,12
2671,benefit,12
1031,jump,12
452,longer,12
1486,comfort,12
1286,constantli,12
1914,tip,12
141,bank,12
952,vibe,12
576,paranoid,12
2043,partner,12
263,origin,12
2826,cryptocurr,12
1381,impress,12
1245,ignor,12
280,hide,12
1294,internet,12
1005,reach,12
1025,cop,12
524,local,12
1038,broke,12
3023,premium,12
1033,fall,12
327,anybodi,12
2308,version,11
1347,encount,11
1102,certain,11
965,tl,11
1327,refer,11
966,dr,11
972,leagu,11
937,laid,11
2426,pjpg,11
2696,park,11
813,fish,11
1458,act,11
2535,club,11
1177,period,11
1216,nbsp,11
3016,facetim,11
2767,realis,11
1156,pm,11
1152,advertis,11
1633,commun,11
888,listen,11
1367,excit,11
2286,log,11
1184,step,11
2967,fb,11
2133,music,11
1279,cloth,11
875,worst,11
1452,trip,11
1913,avoid,11
339,support,11
501,thread,11
147,station,11
515,physic,11
1886,allow,11
173,recogn,11
106,review,11
179,arriv,11
67,store,11
589,lost,11
592,genuin,11
73,purchas,11
196,price,11
207,experienc,11
694,wish,11
85,brought,11
112,return,11
693,purpos,11
1953,wow,11
128,manag,11
426,disappoint,11
2211,theyr,10
2013,bs,10
1072,background,10
1917,exist,10
2366,popular,10
4296,caleb,10
1268,accus,10
881,decent,10
1271,behavior,10
2172,hotel,10
578,street,10
586,yall,10
757,color,10
1285,bare,10
1939,proof,10
963,save,10
3020,via,10
610,limit,10
854,throw,10
1696,reveal,10
75,ticket,10
3322,kick,10
2380,victim,10
1548,low,10
1303,min,10
942,interact,10
3045,km,10
767,energi,10
1337,provid,10
1972,rich,10
507,older,10
464,shadi,10
2333,dumb,10
306,front,10
1428,parti,10
304,self,10
2568,membership,10
670,qualiti,10
1012,ran,10
347,polit,10
536,content,10
1232,choos,10
860,light,10
718,bathroom,10
2363,trade,10
111,unfortun,10
2079,rare,10
1746,posit,10
1793,accept,10
137,individu,9
1317,massag,9
938,forget,9
890,articl,9
903,wear,9
146,simpl,9
660,shitti,9
2149,damn,9
1489,afraid,9
1812,apolog,9
1349,warn,9
139,stolen,9
1610,twice,9
1270,typic,9
201,cost,9
300,exact,9
412,arrang,9
394,spent,9
1118,prove,9
386,effort,9
451,ton,9
1978,harass,9
346,embarrass,9
1932,insist,9
322,previou,9
318,cover,9
1212,otherwis,9
1041,ident,9
947,cut,9
1751,lack,9
1034,book,9
2539,buddi,9
279,guard,9
3552,border,9
1253,terribl,9
2769,legitim,9
1266,shock,9
1290,due,9
2020,organ,9
217,evid,9
118,spoke,9
410,weve,9
3019,dollar,9
2374,compani,9
728,lb,9
2340,sell,9
1884,remind,9
791,blame,9
3097,tldr,9
3185,descript,9
864,nobodi,9
747,admit,9
867,besid,9
1400,voic,9
1388,window,9
1389,becom,9
2973,note,9
2382,bitcoin,9
2289,twitter,9
1274,cell,8
244,supposedli,8
1026,troubl,8
607,drove,8
1022,caught,8
2099,dm,8
1019,drunk,8
540,human,8
1282,earn,8
2764,accord,8
2253,insight,8
265,statement,8
2051,flip,8
1394,gun,8
1000,bartend,8
3042,fill,8
2018,ahead,8
996,four,8
527,god,8
2367,shop,8
709,doubl,8
2176,chill,8
1397,alarm,8
2511,will,8
2371,involv,8
2352,fell,8
664,dslr,8
1233,dtf,8
1560,mouth,8
1138,join,8
1946,ice,8
1150,imagin,8
10,refund,8
2643,skype,8
1541,weed,8
427,cheat,8
2694,tho,8
443,sudden,8
1169,afterward,8
1557,threw,8
3144,btw,8
18,debit,8
2324,attack,8
1044,break,8
1087,increas,8
1436,particular,8
2608,mad,8
479,abus,8
1528,roll,8
1193,confid,8
1199,market,8
2197,smoke,8
2575,lure,8
2732,mainli,8
309,screw,8
2334,idiot,8
1804,although,8
301,process,8
436,expens,8
1497,creepi,8
846,wors,8
2028,topic,8
2065,relat,8
2478,dark,8
689,rent,8
2453,discov,8
630,handsom,8
1485,freak,8
2291,w,8
1472,disgust,8
1483,daughter,8
170,woke,8
2435,valentin,8
1334,upon,8
908,natur,8
907,easier,8
906,emot,8
900,context,8
866,cat,8
1362,hesit,8
1629,dress,8
886,incred,8
2025,expir,8
2986,pose,8
618,spot,8
844,travel,8
2070,onlyfan,8
2022,piss,7
1601,hair,7
865,dog,7
1482,young,7
155,contain,7
2238,studi,7
2092,class,7
2601,troll,7
2597,bc,7
336,dox,7
1698,buck,7
1201,throat,7
1566,onto,7
2204,fetish,7
230,access,7
1521,wrote,7
1676,who,7
2329,cc,7
2576,zero,7
1756,respect,7
653,folk,7
979,beer,7
1055,aggress,7
648,picki,7
1217,hundr,7
2860,deep,7
916,student,7
1047,parent,7
1084,tire,7
1385,proceed,7
1791,loop,7
3115,valid,7
2408,appreci,7
2226,suspicion,7
1124,saturday,7
770,bang,7
666,pool,7
1456,declin,7
2417,blow,7
2259,schedul,7
1446,horribl,7
1348,research,7
1361,navi,7
429,excus,7
2633,nearbi,7
2623,compliment,7
1182,middl,7
1782,scene,7
2053,toxic,7
1445,roommat,7
658,sake,7
1100,unlimit,7
703,l,7
16,warrant,7
1179,perhap,7
3367,foreign,7
1619,forgot,7
2701,toward,7
2049,languag,7
897,angl,7
1501,favorit,7
547,promis,7
2813,bob,7
1014,gain,7
1794,bother,7
1582,air,7
707,io,7
2796,cultur,7
1904,mom,7
990,hole,7
4060,h,7
1249,sleep,7
2364,uncl,7
594,mall,7
2375,transfer,7
987,nope,7
2014,skeptic,7
1890,knowledg,7
1817,covid,7
2517,select,7
629,plenti,7
1895,risk,7
1920,boy,7
714,logic,7
1260,uk,7
1276,discuss,7
550,express,7
1747,charact,7
1484,treat,7
2247,sext,7
238,regist,7
1027,cri,7
2749,accur,7
1604,tattoo,7
2540,gorgeou,7
583,setup,7
2346,conclus,7
1855,danger,7
2097,truli,7
59,walmart,7
2648,prank,6
1378,dad,6
1310,nois,6
4300,bomb,6
408,prepar,6
1135,redirect,6
1291,pun,6
1144,prior,6
2624,sweet,6
1857,crime,6
3766,attach,6
2256,judg,6
6,june,6
2280,midnight,6
1893,south,6
387,upset,6
2319,bet,6
2524,fair,6
1175,seemingli,6
1259,ruin,6
1329,identifi,6
1424,husband,6
2341,porn,6
2339,sketch,6
1280,struggl,6
1235,glad,6
2433,seri,6
2429,ef,6
293,payment,6
1238,higher,6
2355,platinum,6
1888,lone,6
1490,hung,6
2584,curios,6
1835,describ,6
1323,web,6
2498,reject,6
1929,mix,6
2389,nearli,6
149,depart,6
1250,slept,6
341,mess,6
1513,wife,6
65,lock,6
266,six,6
1837,translat,6
1905,wouldnt,6
260,digit,6
348,rais,6
1520,ya,6
3137,lunch,6
612,effect,6
564,ride,6
545,desper,6
638,teeth,6
2069,mid,6
2715,profession,6
1697,spare,6
834,recommend,6
490,trend,6
488,marri,6
2712,ridicul,6
3508,seller,6
1644,valu,6
1646,thai,6
3600,entertain,6
824,highlight,6
819,humor,6
814,mutual,6
715,intern,6
1757,annoy,6
2122,slip,6
2719,meetup,6
655,improv,6
659,rate,6
2961,fyi,6
2741,carrier,6
3589,dummi,6
665,portrait,6
2970,telegram,6
1616,driver,6
1989,height,6
2198,secret,6
1632,news,6
511,dirti,6
1614,rant,6
3337,gift,6
1016,creep,6
2730,essenti,6
2129,noonlight,6
454,cannot,6
1761,staff,6
743,pain,6
1551,foot,6
604,avail,6
1113,monthli,6
992,assur,6
423,chubbi,6
790,murder,6
2019,dodg,6
2224,event,6
1550,tall,6
3422,forc,6
1670,dozen,6
759,level,6
1597,pew,6
771,beforehand,6
1129,own,6
3444,switzerland,6
1667,upgrad,6
732,count,6
2143,tast,6
1966,angri,6
1724,yo,6
441,daili,6
3057,european,6
2877,q,5
1615,cab,5
616,subreddit,5
2021,carri,5
905,univers,5
904,dramat,5
634,style,5
2037,encourag,5
1495,sketchi,5
898,skill,5
2839,hobbi,5
2833,quarantin,5
142,copi,5
933,stream,5
2460,scroll,5
135,collect,5
2840,china,5
2439,finger,5
216,hurt,5
635,larg,5
1716,bag,5
2038,wed,5
2023,everyday,5
2443,west,5
948,appeal,5
1612,introduc,5
949,ab,5
936,shortli,5
203,notifi,5
2042,indic,5
2475,beach,5
3432,here,5
654,import,5
1805,welcom,5
2434,moral,5
177,st,5
2454,combin,5
2996,asid,5
2950,score,5
796,nake,5
817,space,5
717,shirtless,5
2103,fresh,5
1410,road,5
1652,special,5
3221,tactic,5
1464,push,5
54,footag,5
46,detect,5
3069,sucker,5
2082,shown,5
1658,tabl,5
3246,nr,5
1832,dialogu,5
738,lesson,5
1662,strategi,5
1674,bf,5
1438,record,5
1440,blond,5
2088,asap,5
754,deserv,5
3112,sooner,5
1867,till,5
761,neg,5
1401,scari,5
3040,truth,5
2141,condom,5
1292,intend,5
1900,hug,5
1355,sister,5
1816,owner,5
2403,prevent,5
668,chicago,5
672,stock,5
2397,opportun,5
2396,marriag,5
2054,complaint,5
682,action,5
2390,occasion,5
3333,su,5
2370,american,5
92,sentenc,5
3014,armi,5
2384,particularli,5
847,beef,5
832,inappropri,5
2379,omg,5
831,somewhat,5
2378,authent,5
1391,lean,5
706,swear,5
2112,rang,5
1131,meant,5
1547,green,5
1687,bat,5
2687,flirti,5
1572,subscrib,5
3939,afternoon,5
3821,worthi,5
1050,determin,5
1049,admir,5
2567,unusu,5
3608,fit,5
1514,piec,5
1228,financi,5
1990,realiti,5
2556,nowher,5
1539,beg,5
521,offend,5
1997,insult,5
1931,box,5
2691,clue,5
1035,round,5
2187,danc,5
2000,sad,5
2693,oddli,5
315,trap,5
1288,depress,5
1535,flat,5
3642,bell,5
480,poor,5
1975,coke,5
1190,certainli,5
3688,belief,5
3909,behaviour,5
482,frustrat,5
363,present,5
364,wallet,5
2729,weight,5
1171,overal,5
2583,boredom,5
1170,earlier,5
3689,adventist,5
1789,black,5
2581,eg,5
1207,supermodel,5
2722,max,5
288,mistak,5
2708,sc,5
383,p,5
1595,stood,5
257,visibl,5
2770,domain,5
3734,womp,5
605,split,5
1801,bitch,5
1128,theori,5
997,taxi,5
1950,babe,5
390,compar,5
2795,occur,5
3506,fear,5
2514,tf,5
2513,n,5
2174,regardless,5
2661,net,5
3748,error,5
983,fourth,5
2799,adult,5
1545,reluct,5
2533,promot,5
3566,ring,5
2670,rip,5
2760,replac,5
1554,cold,5
2664,vagu,5
2658,refil,5
2184,intellig,5
2802,babi,5
2522,cuz,5
2765,af,5
1284,uncomfort,5
3529,sunday,5
2299,nsfw,4
1821,blunt,4
2235,fee,4
1669,empti,4
1559,tongu,4
1689,surround,4
1546,gif,4
1964,held,4
1665,up,4
1960,opposit,4
1540,teas,4
1883,guest,4
1462,dealer,4
1765,pleasur,4
1542,adam,4
1833,neighborhood,4
1944,accid,4
2081,develop,4
1943,brother,4
2080,automat,4
2306,gut,4
1673,alright,4
1947,cream,4
1825,clean,4
1870,gate,4
1453,sick,4
1683,trash,4
1599,shoot,4
1938,bullet,4
1620,bdsm,4
2045,emoji,4
2185,donald,4
1508,gross,4
1796,gay,4
1922,del,4
1744,acquaint,4
1715,iron,4
2001,silent,4
2006,pet,4
2151,strong,4
1587,mysteri,4
1504,smell,4
2010,favor,4
2275,employe,4
2168,gotta,4
1488,build,4
2167,seven,4
1736,ball,4
2258,fli,4
1500,stalk,4
1916,reinstal,4
1596,coincid,4
2161,sugar,4
2186,glover,4
2147,massiv,4
1764,accent,4
1480,birthday,4
1935,california,4
1760,racist,4
2209,awkward,4
2120,hacker,4
1526,asleep,4
2239,underag,4
1788,bail,4
2206,gladli,4
2205,bisexu,4
1641,altern,4
1468,pant,4
1523,blog,4
1755,fella,4
2292,bizarr,4
1571,decreas,4
1790,thrown,4
1704,wide,4
1519,chest,4
1573,quot,4
2287,harder,4
1627,yell,4
1901,father,4
1625,evil,4
2061,comma,4
2853,deposit,4
2751,unsur,4
2757,org,4
1045,fight,4
3161,co,4
3829,wig,4
613,observ,4
1036,chase,4
3797,vidchat,4
1029,seat,4
673,android,4
1023,arm,4
2762,ndp,4
2806,sunk,4
1010,heel,4
2768,appropri,4
3791,load,4
3139,borrow,4
989,water,4
3738,dunno,4
3717,sing,4
437,tier,4
440,among,4
2739,randomli,4
614,semi,4
1056,medium,4
2724,stack,4
2668,file,4
1125,promptli,4
3416,overthink,4
3430,algorithm,4
1116,form,4
2692,basi,4
2698,hike,4
1098,galleri,4
3191,blackmail,4
1094,album,4
1090,specul,4
3431,elo,4
323,grammar,4
3922,fulli,4
3183,investor,4
338,everybodi,4
2717,hack,4
3910,react,4
2721,counter,4
970,memori,4
961,forum,4
1134,numer,4
3492,descent,4
3090,cock,4
573,stick,4
2966,bonu,4
504,minor,4
2983,photograph,4
508,illeg,4
795,suck,4
3063,weak,4
803,lower,4
3048,feed,4
2807,fallaci,4
3012,el,4
3602,input,4
809,rock,4
3576,juic,4
3561,propos,4
810,footbal,4
3546,blown,4
3523,cheesi,4
3037,spidey,4
3644,ps,4
3660,america,4
598,makeup,4
3108,lucki,4
2811,exposur,4
2812,bug,4
2814,neither,4
946,irl,4
768,eh,4
2817,noodl,4
940,challeng,4
2843,profit,4
3690,sect,4
458,key,4
2850,usd,4
2852,loan,4
2857,minimum,4
2858,becam,4
2859,instal,4
772,guarante,4
2867,nation,4
902,robot,4
2886,cf,4
272,stole,4
1123,cap,4
1139,passport,4
1344,januari,4
1326,requir,4
1325,scammi,4
3301,eb,4
27,fail,4
4328,proud,4
35,court,4
2476,perform,4
39,recal,4
2481,stage,4
4313,clout,4
56,arrest,4
4310,friendzon,4
4303,upper,4
3396,africa,4
4301,gass,4
2663,section,4
4298,tok,4
2503,skinni,4
4297,tik,4
1336,inquir,4
1346,shut,4
1263,train,4
3307,guilti,4
2315,doctor,4
2316,fool,4
3348,viru,4
2325,awesom,4
1427,awhil,4
1426,nut,4
1420,stare,4
2354,conserv,4
685,whose,4
7,rd,4
1405,discoveri,4
1370,mobil,4
2391,shibuya,4
21,feloni,4
2392,shi,4
3380,necessarili,4
22,counti,4
2410,expos,4
4537,letter,4
1272,needless,4
1293,fwb,4
4106,campu,4
2619,sourc,4
1198,aw,4
4144,icon,4
726,consist,4
1258,anonym,4
2606,hangout,4
2616,ugh,4
248,luckili,4
2621,whenev,4
1204,consum,4
3212,produc,4
1168,explan,4
2627,accident,4
735,race,4
1153,friday,4
2650,tv,4
625,moder,4
4193,narr,4
3038,tingl,4
633,facial,4
2558,feeni,4
4295,elm,4
1246,standard,4
1243,wake,4
4269,vape,4
3265,vacat,4
2570,bait,4
4233,breaker,4
1230,booz,4
1221,seek,4
636,nose,4
2559,offici,4
3385,pickup,3
3388,wit,3
3520,weirdo,3
3461,button,3
3372,track,3
3415,usag,3
2029,frequent,3
3468,dodgi,3
2040,applic,3
3507,bye,3
3481,malici,3
3394,yea,3
3401,harvest,3
3373,abroad,3
2031,fed,3
3476,straightforward,3
3477,glass,3
2033,relev,3
3406,influx,3
3408,tbh,3
3466,core,3
2312,health,3
2003,adventur,3
3969,shed,3
3996,cana,3
1928,chex,3
4001,nyc,3
1921,lana,3
4025,naughti,3
4032,txt,3
4067,z,3
4113,unban,3
4202,uninstal,3
1907,masturb,3
4211,ppl,3
4217,shadowban,3
1902,grow,3
4258,perman,3
4302,dip,3
1892,repeat,3
1872,proce,3
4335,mother,3
4415,publix,3
1869,roughli,3
1868,tale,3
4588,hippo,3
1865,modern,3
1858,commit,3
4604,gloryhol,3
3971,ho,3
3964,pursu,3
3556,region,3
3951,checkmark,3
3594,radio,3
1991,inch,3
3606,london,3
3607,oslo,3
3611,glitch,3
3614,german,3
3621,tricki,3
3626,bike,3
1988,flori,3
3634,harm,3
1983,certif,3
1981,august,3
3663,capitalis,3
3684,subject,3
1977,youll,3
3687,religion,3
3694,strict,3
3716,theater,3
3773,unverifi,3
3774,persist,3
3801,string,3
3892,wich,3
3901,prelik,3
3919,pronoun,3
3927,educ,3
3369,cook,3
3046,classic,3
3354,pressur,3
2236,matur,3
2662,fire,3
2641,youd,3
2640,host,3
2628,usernam,3
2622,unfold,3
2620,ten,3
2610,pleasant,3
2173,heavili,3
2604,press,3
2603,ideal,3
2593,boundari,3
2591,necessari,3
2582,sheer,3
2578,explicitli,3
2667,clarifi,3
2673,struck,3
2677,asshol,3
2700,ik,3
2709,print,3
2713,elabor,3
2208,upstair,3
2714,rel,3
2716,blurri,3
2718,somehow,3
2738,blur,3
2194,boss,3
2189,grand,3
2742,enflick,3
2750,imessag,3
2178,rose,3
2771,logo,3
2569,fuckin,3
2240,familiar,3
2246,soooo,3
2461,anim,3
2323,flake,3
2327,deliv,3
2300,financ,3
2360,wechat,3
2383,coin,3
2290,channel,3
2398,teacher,3
2409,extend,3
2412,pandem,3
2413,leg,3
2415,handl,3
2278,nap,3
2445,gender,3
2449,radiu,3
2473,asset,3
2557,purpl,3
2480,mirror,3
2482,liner,3
2486,christian,3
2267,hasnt,3
2494,humour,3
2264,franc,3
2495,hunt,3
2263,born,3
2499,arent,3
2504,upfront,3
2521,explicit,3
2252,disclaim,3
2251,wild,3
2542,de,3
2772,noon,3
2773,built,3
2059,profess,3
3128,settl,3
2085,fals,3
3198,trial,3
2086,ny,3
3174,expier,3
2090,freshman,3
3138,afford,3
3110,discount,3
2787,banter,3
3101,kong,3
3100,hong,3
2093,obsess,3
2095,john,3
3082,ur,3
3058,hooker,3
2083,hidden,3
3200,pointless,3
3203,row,3
3213,signal,3
3218,eachoth,3
3220,fix,3
3222,elsewher,3
3225,vm,3
2078,bewar,3
3252,atleast,3
2075,mate,3
2074,land,3
3271,portug,3
3327,war,3
3329,italian,3
2068,bumbl,3
3330,regard,3
3049,gentlemen,3
2307,hahaha,3
3041,flow,3
2958,dig,3
2792,mislead,3
2166,pimp,3
2156,demand,3
2152,wise,3
2844,withdraw,3
2866,russia,3
2889,b,3
2906,achiev,3
2908,attitud,3
2911,europ,3
2918,photoshop,3
2145,keen,3
2928,octob,3
2948,younger,3
2964,webcam,3
2118,nonetheless,3
2979,incid,3
2990,reset,3
2992,insan,3
2993,solut,3
2998,biggest,3
3009,sooo,3
2125,transport,3
2123,grammat,3
2121,whatnot,3
3013,mont,3
3015,reserv,3
3021,unsubscrib,3
2119,cowork,3
3029,prompt,3
1856,suspect,3
2351,vulner,3
1267,tear,3
893,killer,3
1399,tone,3
1407,silenc,3
308,atm,3
1733,quiet,3
896,gentleman,3
1729,faster,3
337,grate,3
1415,aliv,3
1418,reaction,3
884,shallow,3
415,heavi,3
878,terrifi,3
877,shame,3
871,anti,3
870,associ,3
858,pack,3
398,confront,3
402,wall,3
1449,ski,3
1701,unlock,3
925,inner,3
295,ga,3
926,comput,3
928,optim,3
1078,decemb,3
1783,meanwhil,3
1781,prey,3
1068,joe,3
1062,comedi,3
1351,yr,3
1356,hype,3
1357,sadli,3
206,apprehend,3
1359,uniform,3
1021,speed,3
221,bu,3
1769,draw,3
986,calm,3
1763,thick,3
1762,ethnic,3
962,teach,3
1750,compens,3
945,courag,3
1450,snow,3
849,soo,3
1091,analysi,3
621,anecdot,3
1628,loser,3
1502,whore,3
1623,grey,3
1512,innoc,3
1611,hadnt,3
600,escap,3
602,motel,3
606,bill,3
1516,threaten,3
626,size,3
422,curvi,3
637,crook,3
1591,downstair,3
640,scar,3
1269,everywher,3
1580,aa,3
669,guitar,3
700,ii,3
686,dope,3
698,fifti,3
756,skin,3
1498,flash,3
762,esteem,3
780,display,3
1691,werent,3
1688,cautiou,3
1686,basebal,3
1684,dalla,3
829,creativ,3
1465,kitchen,3
1466,island,3
1666,closer,3
465,shadow,3
1469,floor,3
805,method,3
1476,closet,3
801,latter,3
512,child,3
518,implic,3
1647,stockholm,3
1481,daddi,3
788,dine,3
532,lifetim,3
1088,brief,3
1565,led,3
1339,client,3
1277,releas,3
101,bureau,3
1311,boob,3
1160,scienc,3
1195,strictli,3
1117,cuti,3
1240,loud,3
71,separ,3
1158,instruct,3
1130,oper,3
1283,nowaday,3
1203,mental,3
1229,shape,3
1803,disrespect,3
1140,endless,3
1141,suppli,3
1297,establish,3
1210,win,3
1211,signific,3
1809,interrupt,3
1819,faith,3
1241,crowd,3
1176,inclin,3
1338,violent,3
1331,unlik,3
114,children,3
1252,neck,3
1335,design,3
1308,sexi,3
1828,corner,3
1795,offens,3
1164,bottom,3
3109,bam,2
2580,solicit,2
3043,renew,2
3028,landmark,2
1206,incent,2
3099,ngl,2
3092,focu,2
3102,septemb,2
3123,sheet,2
2607,blew,2
3114,bulli,2
3081,tuesday,2
3127,promo,2
763,graduat,2
1208,suit,2
3022,overpr,2
3141,wendi,2
753,complex,2
2571,rig,2
3083,exclus,2
2585,disturb,2
1200,shove,2
3080,pushi,2
2599,sigh,2
807,board,2
3054,beat,2
818,witti,2
1194,hurdl,2
804,former,2
3061,fling,2
3064,conversationalist,2
1197,significantli,2
3071,confess,2
2587,lewd,2
2566,grift,2
3072,inspect,2
3073,tonsil,2
2602,feedback,2
3039,occurr,2
2586,romant,2
3076,swallow,2
3079,slurp,2
3033,amateur,2
3030,symantec,2
1189,overweight,2
3047,motiv,2
3145,yep,2
1225,impli,2
3146,honey,2
2537,insert,2
3236,bann,2
2536,strip,2
3241,responc,2
705,len,2
2534,fan,2
3257,hippi,2
3259,messang,2
3262,retard,2
3263,vid,2
3267,habit,2
3270,portray,2
1247,defens,2
3272,cs,2
1846,drank,2
3274,amil,2
3276,iran,2
3285,spain,2
3286,badoo,2
3299,swindler,2
2530,argu,2
3305,virginia,2
3306,plead,2
699,mark,2
3310,sailor,2
3311,thousand,2
3318,butt,2
1261,ate,2
3233,lac,2
3232,qcwzb,2
3151,remot,2
3229,indonesia,2
3160,deactiv,2
3162,worker,2
3177,thirsti,2
3178,scenerio,2
3180,groceri,2
3181,carl,2
3182,currenc,2
833,affection,2
3184,ingenuin,2
1226,caution,2
3187,aswel,2
3188,emoticon,2
1231,hint,2
745,bro,2
3197,judgement,2
2551,tini,2
1237,tension,2
742,sympathi,2
3201,breakup,2
3207,cave,2
3208,packag,2
3210,recycl,2
3211,materi,2
729,flex,2
725,workout,2
3226,realist,2
3228,everytim,2
2609,fault,2
853,shoe,2
2617,slimi,2
2778,redownload,2
2782,ultim,2
2784,perfectli,2
2675,ploy,2
2788,lockdown,2
973,disbelief,2
971,enabl,2
2798,hardli,2
964,reiter,2
2809,ritholtz,2
2810,wp,2
1132,pad,2
958,seduct,2
954,wrap,2
2815,blast,2
1133,traction,2
2821,magic,2
944,muster,2
2827,romanc,2
934,conscious,2
2836,airport,2
2666,escal,2
2841,expert,2
2659,monday,2
2851,unfrozen,2
917,tad,2
1143,york,2
2865,browser,2
2779,argument,2
2775,wave,2
2618,utm,2
2774,basketbal,2
2699,trail,2
1108,estim,2
1110,perspect,2
1066,unintent,2
1061,anger,2
2727,threat,2
2733,song,2
2690,peac,2
2734,lyric,2
1039,bone,2
2745,svr,2
2747,verizon,2
2686,dime,2
2748,wireless,2
1032,nasti,2
2752,straighttalk,2
2755,secured,2
2756,intl,2
2685,hostil,2
2759,frozen,2
1018,fortun,2
2761,tind,2
2684,nevertheless,2
2763,noondark,2
2766,dap,2
2678,persona,2
1004,progress,2
2869,imperson,2
2870,actor,2
2874,legal,2
2879,dc,2
2962,global,2
2963,assess,2
1159,suicid,2
2637,summar,2
876,chariti,2
2971,stronger,2
2972,ping,2
2974,keyword,2
2977,masquerad,2
2632,star,2
2984,holiday,2
2631,korean,2
3001,system,2
3002,extern,2
2626,paus,2
2625,nicknam,2
3004,minu,2
3005,central,2
3006,texa,2
1165,multipli,2
2702,crawl,2
3010,sl,2
1172,underwhelm,2
843,solo,2
1173,gaug,2
3017,monitor,2
3018,visitor,2
2960,cyber,2
2951,gsa,2
885,advanc,2
2907,liber,2
2880,ec,2
2881,ee,2
2655,gym,2
2654,sec,2
899,equip,2
2652,url,2
1147,wherea,2
2892,ff,2
3319,peak,2
1154,februari,2
2645,map,2
2905,resum,2
894,stoic,2
887,deceiv,2
2642,eve,2
2912,salsa,2
2913,glasgow,2
2916,boston,2
892,serial,2
2919,eu,2
2925,regularli,2
2932,on,2
2934,percent,2
2937,verifyandmeet,2
2942,pc,2
2946,peep,2
2895,cbc,2
1845,nevermind,2
3321,popul,2
4126,cav,2
204,departur,2
4183,agreement,2
4172,guilt,2
4163,xxx,2
4150,reviv,2
4149,stun,2
4135,dream,2
4125,gsw,2
4293,drama,2
4121,malaysia,2
4119,alert,2
4118,liveverifi,2
4114,tempt,2
4108,ixe,2
4107,predat,2
4103,reopen,2
4195,wealthi,2
4203,canadian,2
4205,alot,2
4209,gotind,2
4274,delawar,2
4265,recognis,2
4264,lengthi,2
4262,appl,2
4256,pvsze,2
4255,huhjxf,2
4250,strike,2
4242,dot,2
4239,safer,2
140,vehicl,2
4231,chicken,2
4222,sour,2
4220,sideway,2
176,fund,2
4216,craigslist,2
4102,nightmar,2
4084,contempl,2
4079,tablet,2
3995,bb,2
3982,surgeri,2
3981,plastic,2
3979,goal,2
3973,wreak,2
3972,tindercrush,2
3965,shift,2
3963,heterosexu,2
3962,slow,2
296,unawar,2
3946,pound,2
3944,clueless,2
305,checkout,2
3937,dysmorphia,2
3936,reciev,2
3934,aff,2
3983,bigger,2
4003,dri,2
4077,bd,2
4005,justifi,2
233,pin,2
245,histori,2
4059,ore,2
4048,spanish,2
4047,wholesom,2
4046,juarez,2
4045,paso,2
246,pend,2
4030,shirt,2
4026,blindfold,2
4021,domin,2
4017,alleg,2
4016,tab,2
4010,dev,2
4007,cd,2
4282,montcoinex,2
103,wednesday,2
697,nifti,2
4409,vegan,2
4442,angel,2
4424,lame,2
4417,soup,2
25,fraud,2
4414,object,2
4412,van,2
4411,wheel,2
4398,castingcran,2
97,theft,2
4397,catfishcana,2
4364,nativ,2
4363,zhxig,2
4362,vsude,2
4361,prkogegmm,2
4360,askxdghbfgi,2
4350,statu,2
4466,halfway,2
4490,stunner,2
4499,instinct,2
4501,aight,2
4677,edc,2
4675,edclv,2
4664,pussi,2
4655,ltr,2
4618,bedsheet,2
4615,dl,2
4589,bobcat,2
4586,wfh,2
4573,thw,2
4568,profilesearch,2
4567,playstor,2
4538,waiv,2
24,retail,2
4513,crib,2
4502,circumst,2
4349,zzcool,2
4346,pa,2
4345,taltigolt,2
4319,turkey,2
4317,manipulatuon,2
4316,incel,2
4315,anf,2
4314,backup,2
4312,horrid,2
4311,introduct,2
4309,rotat,2
4308,diddl,2
4307,homophob,2
4306,sexist,2
4305,ofc,2
4304,ft,2
82,extradit,2
91,prison,2
4299,beani,2
4318,societi,2
4320,tak,2
4339,tender,2
4321,femaledatingstrategi,2
4336,binari,2
26,merchandis,2
4334,sleev,2
4333,pedophilia,2
4332,bigotri,2
4331,mockeri,2
4330,hypocrisi,2
4329,moreso,2
33,captur,2
4327,hem,2
4326,magnitud,2
4325,calem,2
4324,hypocrit,2
4323,monkey,2
4322,conniv,2
3931,yad,2
3929,pub,2
3928,intrigu,2
3494,deliveri,2
3517,prospect,2
3513,revenu,2
557,coincident,2
3503,gal,2
3502,cousin,2
3499,haircut,2
3498,muscl,2
570,errand,2
326,complain,2
3486,lovin,2
3484,gap,2
3480,nah,2
3478,slowli,2
593,strangest,2
596,kidnap,2
3472,singapor,2
3530,smooth,2
3536,commut,2
3538,burn,2
3540,butterfli,2
3605,technic,2
3603,entri,2
525,law,2
530,thrill,2
3599,finder,2
3598,localsexfriend,2
3597,supertind,2
3595,con,2
3593,xxyyzz,2
3592,geek,2
3591,drew,2
535,violat,2
3575,surviv,2
542,healthi,2
3550,militari,2
3464,presumpt,2
3462,oop,2
3456,decis,2
3384,crash,2
3378,videochat,2
657,tacki,2
3370,penetr,2
3358,tokyo,2
3357,softwar,2
3355,burner,2
3352,theme,2
3349,million,2
3347,asia,2
3345,subtl,2
3340,resourc,2
3335,wire,2
3332,bulgarian,2
3331,crop,2
695,pentax,2
656,immens,2
3391,moon,2
3455,camgirl,2
3392,marissa,2
3453,std,2
3449,scheme,2
3435,sea,2
3434,environ,2
617,aggreg,2
3429,focus,2
3428,lazi,2
3425,cast,2
3417,compet,2
3414,outcom,2
3407,escort,2
3405,petzmo,2
3404,headlin,2
3395,uhhh,2
642,competit,2
519,label,2
3609,british,2
513,pornographi,2
3850,scream,2
3847,sg,2
3846,backfir,2
3844,inde,2
3837,western,2
3835,donat,2
3824,squiggli,2
3815,rib,2
3810,peso,2
3805,incompat,2
3804,tea,2
391,proper,2
3794,royal,2
3790,retali,2
3783,deploy,2
3780,youv,2
3848,obryc,2
3853,chatti,2
3777,icloud,2
3864,rm,2
3920,voicemail,2
3917,typo,2
3915,sum,2
345,kayak,2
3908,constitut,2
3903,useless,2
365,lay,2
3900,incentiv,2
3893,masculin,2
3883,btc,2
3879,binanc,2
3877,hw,2
3872,g,2
3868,thumb,2
3867,percentag,2
3778,scamder,2
3776,zone,2
3615,french,2
460,cheaper,2
3676,nefari,2
3672,actress,2
3670,virtual,2
3661,visa,2
3657,marathon,2
3655,heart,2
3647,ongo,2
477,giant,2
3637,destroy,2
3635,ish,2
481,mechan,2
3629,team,2
498,senior,2
510,depend,2
3619,bla,2
3686,religi,2
455,fathom,2
3775,rooftop,2
448,behold,2
3772,newest,2
3770,sale,2
3764,sapp,2
3753,rn,2
3749,misus,2
3742,sabbath,2
3741,sport,2
3731,purrr,2
3725,stroke,2
3723,hometown,2
419,kg,2
3714,uh,2
3699,pocket,2
446,resubscrib,2
447,lo,2
3393,gig,2
3273,daniel,2
1574,buggi,2
1815,entranc,2
1313,la,2
1419,field,2
2298,intim,2
2128,deflect,2
2344,spider,2
1976,choic,2
2343,html,2
1592,sky,2
1767,primarili,2
2131,vigil,2
2305,aunt,2
1766,patron,2
1321,realm,2
2213,flatter,2
1594,cautious,2
1721,virgin,2
2393,appoint,2
1980,slightli,2
1899,burst,2
1984,rear,2
2134,spotifi,2
1941,rey,2
2063,sarcast,2
2171,mode,2
1517,strongli,2
1567,climb,2
1636,cross,2
1699,knock,2
1700,rush,2
1882,resid,2
1471,advantag,2
1973,forgiv,2
2243,highli,2
2027,psa,2
2293,whoever,2
1942,crippl,2
2350,vanilla,2
1748,likelihood,2
2295,starter,2
1525,approxim,2
1527,buzz,2
1563,spite,2
2126,awri,2
1532,slutti,2
2127,fork,2
1328,therapist,2
1425,shower,2
1743,fav,2
2135,cuddl,2
1912,prioriti,2
1807,stool,2
1442,tenni,2
1622,shade,2
2420,brooklyn,2
1806,critic,2
1439,convent,2
2326,op,2
1802,exhaust,2
2150,therefor,2
2220,paranoia,2
1350,horror,2
2328,ensur,2
1919,curli,2
1555,sober,2
1433,routin,2
2039,hur,2
2414,how,2
1863,alcohol,2
2332,weirdest,2
1711,wash,2
2405,technolog,2
1624,pure,2
2223,network,2
1908,beyond,2
2436,deck,2
1332,sooth,2
2160,sociopath,2
2035,incomplet,2
2036,clich,2
1430,rave,2
2431,houston,2
1841,deni,2
1792,permiss,2
2399,whoa,2
2142,stuck,2
1333,furthermor,2
2401,traumat,2
2140,iud,2
2047,illustr,2
1444,cocain,2
1808,cue,2
1552,taller,2
1987,cesspool,2
2214,jacket,2
1387,gaze,2
1352,junior,2
1949,therapi,2
1773,predict,2
1955,selena,2
2015,decept,2
2101,inbox,2
2497,tough,2
2369,tradit,2
1963,horrifi,2
2102,summer,2
2273,plane,2
2496,unreal,2
1295,sleuth,2
1578,zekqh,2
1579,oy,2
1650,guid,2
1741,matrix,2
2472,remain,2
2356,aim,2
2372,sim,2
1731,kickback,2
1871,ah,2
2183,analyz,2
1648,nd,2
1734,huh,2
1651,tourist,2
1487,rise,2
1287,numb,2
2510,parrot,2
2265,son,2
1661,feet,2
2266,newer,2
2192,hoodi,2
1671,addit,2
2508,flirtati,2
2009,lmao,2
1409,wood,2
2262,apologet,2
2195,tech,2
1740,devic,2
2268,explor,2
2011,xd,2
1499,craziest,2
2257,pilot,2
1654,flower,2
2012,lemm,2
1735,episod,2
1411,blankli,2
1874,alongsid,2
1967,audio,2
2005,welp,2
2077,buyer,2
2284,fbi,2
1392,sorta,2
2116,spook,2
2117,pertin,2
1645,critiqu,2
1880,bear,2
1414,narrat,2
1306,bachelor,2
2124,afterword,2
2377,bypass,2
1836,urg,2
1307,sat,2
1777,coher,2
1726,kidney,2
2474,muscular,2
1309,greatest,2
1390,disinterest,2
2203,strap,2
1475,thru,2
1393,whisper,2
1511,plain,2
2111,maximum,2
2110,kicker,2
1728,sweatpant,2
3953,imposs,1
4004,restrict,1
2002,rev,1
3956,robocal,1
3955,lawsuit,1
3976,divorc,1
1994,audac,1
3987,breast,1
3975,widow,1
3954,deviou,1
3994,dic,1
4006,migaw,1
3960,smoothli,1
1992,shorter,1
3993,spice,1
3952,maddi,1
2007,tran,1
3992,videocal,1
3988,procedur,1
1993,wore,1
3974,preval,1
4008,ae,1
3991,excitedli,1
4009,wack,1
3990,downfal,1
1742,dive,1
271,lineup,1
2004,sitcom,1
3978,doll,1
3998,unpleas,1
3984,slim,1
3999,absurdli,1
1749,surprisingli,1
3997,qualifi,1
1998,hp,1
269,mugshot,1
3961,distract,1
4000,reboot,1
3966,nooo,1
267,folder,1
3985,shave,1
3967,nyca,1
4002,artifici,1
3959,accra,1
3989,ventur,1
3968,flaki,1
294,speedway,1
1995,kia,1
3958,capit,1
1999,camaro,1
3970,ftve,1
3986,jaw,1
3980,pretens,1
3957,ghana,1
1996,rio,1
3977,barbi,1
2512,si,1
4011,pi,1
4097,dashboard,1
4111,firmwar,1
4110,python,1
4109,unblock,1
1968,undress,1
1969,telenovela,1
4105,astral,1
4104,adfter,1
1970,sir,1
1971,sibl,1
4101,brazen,1
4100,dce,1
4099,bgn,1
4098,upcom,1
4096,ref,1
4080,carp,1
4095,bash,1
4094,notebook,1
4093,balloon,1
4092,swede,1
4091,spring,1
4090,sweeper,1
4089,crap,1
4088,trace,1
4087,motherfuck,1
4086,smiley,1
4085,soften,1
4083,multi,1
4082,spotlight,1
4112,databas,1
209,volum,1
1770,blurt,1
4115,consequ,1
1775,san,1
4143,float,1
4142,gram,1
4141,reeeallli,1
4140,session,1
4139,plung,1
4138,festiv,1
4137,gtfo,1
4136,scope,1
1774,exemplifi,1
4134,tool,1
4133,tipofmypeni,1
4132,envis,1
4131,boi,1
4130,embarass,1
4129,giphey,1
4128,curri,1
4127,steph,1
1962,tome,1
4124,nba,1
4123,defiantli,1
4122,wa,1
4120,scamadvis,1
1772,outing,1
1965,injuri,1
4117,tindersystem,1
4116,datesafecod,1
4081,diem,1
1974,luckiest,1
4012,jom,1
4028,tinderella,1
4041,pyongyang,1
4040,manufactur,1
4039,ai,1
4038,ego,1
4037,disnt,1
3950,popcorn,1
4035,wo,1
4034,oppos,1
4033,brigad,1
1985,forgiven,1
4031,cloud,1
1986,punch,1
4029,extort,1
4027,boner,1
4078,dddf,1
256,holder,1
4024,dilemma,1
4023,suscept,1
4022,peg,1
1759,chose,1
4020,footjob,1
4019,kinki,1
4018,allegedli,1
1754,candi,1
1752,catcal,1
4015,ce,1
4014,eef,1
4013,zcqi,1
4042,upbring,1
4043,dishonest,1
4044,thiev,1
1982,survivor,1
1768,waaaat,1
4076,wmv,1
4075,eac,1
4074,ea,1
4073,qfore,1
4072,npo,1
4071,eacd,1
4070,bfe,1
4069,ipscor,1
4068,db,1
4066,abbbdf,1
4065,aadd,1
4064,qftk,1
4063,edd,1
4062,fe,1
4061,df,1
4058,oufg,1
4057,hispan,1
4056,unfound,1
4055,gringo,1
4054,sabotag,1
4053,bloomer,1
4052,duckl,1
4051,ostens,1
4050,grandkid,1
4049,badger,1
1979,reincarn,1
4036,dat,1
3914,retic,1
3949,embed,1
3768,worldwid,1
3765,compat,1
2064,sapiosexu,1
3763,influenc,1
3762,grandma,1
3761,hotlin,1
3760,tie,1
3759,signatur,1
3758,nhdttzx,1
3757,hvlv,1
3756,jm,1
3755,wbat,1
3754,flvltdq,1
2066,dear,1
3752,meat,1
3751,curs,1
3750,seventh,1
2067,cringey,1
414,understood,1
3747,ahhhhhhhh,1
3746,raft,1
3745,camp,1
3744,fridg,1
3743,uhhhhhhhhhhh,1
3740,church,1
3739,premarit,1
1695,atlanta,1
3737,conjectur,1
3736,birbiglia,1
3735,mike,1
3767,moscow,1
3769,minim,1
3733,breh,1
2062,proofread,1
3799,unwant,1
3798,chemistri,1
1708,dresser,1
3796,askreddit,1
3795,twat,1
2052,decad,1
3793,blockchain,1
3792,bravenewcoin,1
393,pinpoint,1
1707,drawer,1
3789,reappear,1
3788,offlin,1
3787,handi,1
3786,conveni,1
3785,amongst,1
3784,rumbl,1
1706,cupboard,1
3782,soldier,1
3781,unjustli,1
1705,cabinet,1
3779,bbb,1
2056,entreati,1
2057,preemptiv,1
2058,scold,1
1703,swing,1
397,cooper,1
2060,oxford,1
1702,doorhandl,1
3771,widdl,1
418,skinnier,1
3732,fiddl,1
3948,rooki,1
3698,swept,1
3696,rank,1
3695,baptist,1
1685,fort,1
3693,ru,1
3692,methodist,1
3691,branch,1
1679,sleepi,1
2084,inc,1
1678,welook,1
1675,mask,1
2087,chargeback,1
3685,vegetarian,1
463,unbeliev,1
3683,waffl,1
3682,nearest,1
3681,grub,1
3680,pup,1
3679,allergi,1
3678,latex,1
3677,boyscout,1
1672,theyv,1
3675,ruse,1
3674,wherewith,1
3673,previous,1
2089,flashback,1
3671,mexican,1
3669,pl,1
3668,jessica,1
3667,programm,1
3697,wrath,1
1690,rachel,1
2071,hustl,1
3700,urgent,1
3730,writer,1
3729,moodi,1
3728,hank,1
3727,feather,1
3726,tail,1
2072,dash,1
3724,akin,1
2073,rough,1
3722,butter,1
3721,bread,1
3720,miser,1
3719,le,1
3718,phantom,1
1694,downtown,1
1692,illicit,1
3715,vagin,1
3713,ringer,1
3712,scumbag,1
3711,pattern,1
3710,hooray,1
3709,mormon,1
3708,mormom,1
3707,perv,1
3706,vibrat,1
3705,concentr,1
3704,frighten,1
3703,remaind,1
3702,anna,1
3701,ed,1
3800,flasher,1
379,warmer,1
3802,prerequisit,1
3906,philli,1
3904,ha,1
3902,noob,1
1725,die,1
1723,hardcor,1
3899,clock,1
3898,unadd,1
3897,hahahaha,1
3896,liza,1
3895,venom,1
3894,matcheson,1
2030,overdon,1
368,mattress,1
3891,bassic,1
3890,loos,1
3889,wwwblueskybtctop,1
3888,li,1
3887,huj,1
3886,cryptocurrencyscam,1
3885,plea,1
3884,burnt,1
1722,fumbl,1
3882,chip,1
3881,hwsex,1
3880,beta,1
2032,vent,1
3878,bite,1
3876,defenc,1
3875,biomed,1
3874,blueski,1
3905,kansa,1
3907,korea,1
3803,stress,1
2026,unlucki,1
3947,uniniti,1
2008,oppon,1
3945,percept,1
3943,outright,1
3942,diari,1
3941,georgia,1
3940,remak,1
3938,sketchier,1
3935,donr,1
3933,candor,1
3932,adultfriendfind,1
3930,irish,1
2016,billion,1
2017,cruel,1
3926,until,1
3925,mandatori,1
3924,captcha,1
3923,sensibl,1
3921,wtv,1
1730,ginger,1
3918,fhtg,1
1727,stollen,1
3916,carribean,1
2024,impuls,1
4146,resubmit,1
3913,consider,1
3912,unnecessari,1
3911,manifest,1
355,countless,1
3873,joint,1
1720,backstori,1
3871,huawei,1
3870,tweenti,1
3833,bald,1
3832,universali,1
3831,alopecia,1
3830,eyebrow,1
374,migrain,1
3828,anyhoo,1
3827,fianc,1
3826,blindsid,1
3825,ugliest,1
2046,punctuat,1
3823,addtion,1
3822,scale,1
377,fluid,1
3820,saggi,1
3819,belong,1
3818,puf,1
3817,knee,1
3816,cage,1
3814,belli,1
3813,endow,1
3812,oblig,1
3811,dong,1
2048,aid,1
3809,inund,1
3808,ham,1
3807,dice,1
3806,disagre,1
1709,toothbrush,1
2050,learner,1
3834,disas,1
1710,mouthwash,1
3836,specifi,1
3854,whilst,1
3869,jkofjqf,1
3866,overestim,1
3865,ear,1
1719,certainti,1
3863,zyi,1
3862,pysa,1
3861,ij,1
3860,tinderinvitesaf,1
3859,appsvers,1
3858,proactiv,1
3857,threesom,1
3856,liver,1
3855,chop,1
1718,goodnight,1
2044,nsa,1
3852,amazingli,1
3851,unfeas,1
3849,wind,1
1717,um,1
1713,bedroom,1
1712,machin,1
3845,bandwagon,1
3843,pessimist,1
3842,paragraph,1
3841,scripe,1
3840,checkyourmatch,1
3839,paypal,1
3838,union,1
4145,tna,1
4184,chef,1
4147,reflect,1
4519,uptight,1
4533,conv,1
4532,unread,1
4531,unabl,1
4530,pasta,1
4529,northwest,1
4528,pacif,1
4527,cleanest,1
4526,instagramm,1
4525,sneak,1
4524,dnkdgwk,1
4523,vega,1
4522,ll,1
4521,arnt,1
4520,maaaad,1
4518,otid,1
1861,tee,1
4517,efaska,1
4516,imish,1
4515,mood,1
4514,waistband,1
1860,injur,1
4512,tinderghost,1
4511,katherin,1
4510,william,1
4509,seattl,1
4508,bland,1
4507,umtzag,1
4506,ultradatez,1
4505,conclud,1
4504,clarifiy,1
4534,stumbl,1
4535,approv,1
4536,twenti,1
1859,fatal,1
1842,nod,1
4566,cpo,1
4565,spabglob,1
4564,pab,1
4563,assist,1
4562,art,1
4561,dabbl,1
4560,delorean,1
4559,raisingprotectionpeopl,1
4558,dome,1
4557,sensual,1
4556,hedonist,1
4555,lust,1
4554,delus,1
4553,greed,1
4552,literatur,1
4551,spiritu,1
4550,philosoph,1
4549,vast,1
4548,uninform,1
4547,serv,1
4546,psychic,1
4545,evolutionarili,1
4544,memeplex,1
4543,manifold,1
4542,socialis,1
4541,mundan,1
4540,brush,1
4539,zoom,1
4503,blatant,1
1862,hee,1
4434,vac,1
4451,wellpictur,1
4465,thereaft,1
4464,recant,1
4463,ultimatum,1
4462,borderlin,1
4461,carniv,1
4460,messeng,1
4459,ipfvfaw,1
4458,ba,1
4457,kcmed,1
4456,rpljg,1
4455,visual,1
4454,rou,1
4453,meng,1
4452,japanes,1
4450,listedverifi,1
4500,infomerci,1
4449,kiraag,1
4448,sm,1
4447,byx,1
4446,tinyurl,1
4445,med,1
4444,afghanistan,1
4443,chocol,1
1866,emmit,1
4441,unfollow,1
4440,tiowr,1
4439,demarco,1
4438,workaround,1
4437,rematch,1
4436,cma,1
1840,bluntli,1
4467,contradict,1
4468,correct,1
4469,shia,1
4498,ethic,1
4497,vampir,1
4496,etho,1
4495,plainli,1
4494,ballsack,1
4493,seeker,1
4492,wannab,1
4491,horrif,1
1864,beaten,1
4489,safedatingprofil,1
4488,tinderverifi,1
4487,concept,1
4486,obstacl,1
4485,hypothet,1
4484,emphasis,1
4483,function,1
4482,phisher,1
4481,compassion,1
4480,arguabl,1
4479,backward,1
4478,corporatist,1
4477,judgment,1
4476,instig,1
4475,autist,1
4474,dorki,1
4473,unforgivingli,1
4472,unse,1
4471,malon,1
4470,labeouf,1
1843,abashedli,1
4569,rotti,1
4570,coronaviru,1
4653,trooper,1
4667,downvot,1
4666,promiscu,1
4665,gf,1
1849,twerk,1
4663,unsuccess,1
4662,nasty,1
4661,submit,1
4660,peni,1
4659,sunglass,1
4658,perplex,1
4657,interrog,1
4656,cricket,1
1850,mafia,1
4654,gist,1
4652,doorbel,1
4571,coordin,1
4651,til,1
4650,def,1
4649,nbd,1
4648,dissoci,1
4647,toe,1
4646,rode,1
4645,patient,1
4644,tend,1
4643,psychiatrist,1
4642,fanci,1
4641,soneth,1
4640,uncensor,1
4639,muktipl,1
4638,lime,1
4668,slant,1
4669,plaster,1
4670,creepypm,1
4671,jest,1
4700,umatch,1
4699,prevail,1
4698,ideolog,1
4697,recruit,1
4696,georgerobin,1
4695,weekli,1
4694,organis,1
4693,flexibl,1
4692,holi,1
4691,mission,1
4690,abort,1
4689,baffl,1
4688,stupidli,1
4687,asd,1
4686,openli,1
4685,brows,1
4684,acquint,1
4683,rack,1
4682,defacto,1
4681,redditor,1
4680,acct,1
4679,phoni,1
4678,iphon,1
1847,unfair,1
4676,friendship,1
1848,unaccept,1
4674,techniqu,1
4673,unsuspectingli,1
4672,dynam,1
4637,kink,1
4636,picchu,1
4635,machu,1
4602,facei,1
4600,shouldv,1
4599,artistthat,1
4598,biggi,1
4597,gorilla,1
4596,confer,1
4595,scamthat,1
4594,nowwth,1
4593,shell,1
4592,skip,1
4591,jazz,1
4590,knowit,1
1853,purport,1
8,entireti,1
4587,ladder,1
1854,blm,1
4585,corona,1
4584,cheer,1
4583,mf,1
4582,brotha,1
4581,trynna,1
4580,inoffens,1
4579,apolit,1
4578,feelsbadman,1
4577,bloke,1
4576,artist,1
4575,pink,1
4574,lsoza,1
1844,scenario,1
4572,liker,1
4601,albeit,1
4603,weirdli,1
4634,ordinari,1
3,copyright,1
4633,myspac,1
4632,an,1
4631,charad,1
4630,worthless,1
4629,ikv,1
4628,hopeless,1
4627,throwaway,1
4626,bleep,1
4625,ng,1
4624,itsh,1
4623,lackadais,1
4622,wouldv,1
4621,thothi,1
4620,porno,1
4619,rando,1
1851,atmospher,1
4617,nosey,1
4616,shitnobodi,1
1852,reassur,1
4614,whhhhaaattt,1
4613,budg,1
4612,whaaaatttt,1
4611,chivalri,1
4610,wth,1
4609,nosh,1
4608,christ,1
4607,jesu,1
4606,ks,1
4605,fantasi,1
4435,vqh,1
4433,kofo,1
4148,correl,1
4236,fart,1
1785,annihil,1
4249,passion,1
4248,yay,1
4247,dealt,1
4246,swbc,1
4245,uf,1
4244,qsd,1
4243,registr,1
1784,greet,1
4241,hrcc,1
4240,quickest,1
1940,vest,1
4238,censor,1
4237,rout,1
4235,juvenil,1
1778,navig,1
4234,reckon,1
4232,pork,1
4230,friendli,1
4229,irk,1
4228,acknowledg,1
4227,atidnifht,1
4226,asked,1
4225,booti,1
4224,gentl,1
4223,fori,1
1945,suburban,1
4221,xx,1
1780,feign,1
4219,ole,1
4251,ratfish,1
4252,kkov,1
4253,besti,1
4254,tekst,1
4284,tinderqueen,1
4283,twink,1
1930,wholesal,1
4281,laughabl,1
4280,dryyyyi,1
4279,oklahoma,1
4278,surgeon,1
4277,analyst,1
4276,tindmeetup,1
4275,checki,1
4273,affect,1
4272,complic,1
4271,intrus,1
4270,inconsequenti,1
1787,enthusiast,1
4268,subscribt,1
4267,sca,1
4266,registrationofaccount,1
1933,oil,1
1934,refineri,1
4263,illegitim,1
1786,undivid,1
4261,frankli,1
4260,slider,1
4259,inact,1
127,tag,1
4257,milk,1
1936,skool,1
1937,mustang,1
4218,plat,1
1948,limp,1
4432,outrag,1
4164,xxxx,1
4179,bombard,1
4178,guaranteecasualmatch,1
4177,vip,1
4176,backstab,1
4175,versa,1
4174,vice,1
4173,admittedli,1
4171,pari,1
4170,fashion,1
4169,malaysian,1
4168,avers,1
4167,barren,1
4166,tindersaf,1
4165,hurri,1
1956,swam,1
4215,congress,1
4162,joanneal,1
4161,tindmsg,1
4160,credenti,1
4159,complement,1
4158,unnatur,1
4157,throughout,1
4156,hr,1
4155,awak,1
4154,spank,1
4153,presum,1
4152,earliest,1
4151,needi,1
1957,nuclear,1
1958,illest,1
4180,missamb,1
4181,israel,1
4182,denial,1
1954,imma,1
4214,mytinderinvit,1
4213,katelyn,1
4212,coltfan,1
184,ect,1
4210,ico,1
4208,norepli,1
4207,safecod,1
4206,server,1
4204,rpfchaasm,1
1951,ballin,1
190,alabama,1
4201,newcom,1
4200,compel,1
4199,iq,1
4198,orient,1
4197,ceo,1
4196,entrepreneur,1
1952,vl,1
4194,perp,1
1776,jealou,1
4192,uptick,1
4191,center,1
4190,pakistani,1
4189,indian,1
4188,australia,1
4187,default,1
4186,bust,1
4185,camshow,1
3665,trait,1
4285,tap,1
4286,neat,1
4287,supe,1
4381,nhm,1
4395,mtv,1
4394,toronto,1
4393,kk,1
4392,tn,1
4391,wdb,1
4390,og,1
4389,nhtu,1
4388,lq,1
4387,mgphwslbl,1
4386,ehx,1
4385,vwrkhgar,1
4384,wqrgud,1
4383,gcj,1
4382,rv,1
4380,gj,1
4288,font,1
4379,psiqbbl,1
4378,gsvcutqfusellma,1
4377,xtmssksmmdv,1
4376,nfmkpcroyvmokjd,1
4375,mo,1
4374,sn,1
4373,efcajz,1
4372,zkfo,1
4371,azwudwh,1
4370,cft,1
4369,rpcast,1
4368,sympath,1
4367,stripper,1
4366,stunt,1
4396,appli,1
1875,varieti,1
4399,fbclid,1
4400,iwar,1
4431,craze,1
4430,to,1
4429,login,1
4428,dateverifi,1
4427,cashier,1
4426,fml,1
4425,avert,1
1838,deadli,1
4423,beet,1
4422,nametag,1
4421,dawn,1
4420,chain,1
4419,chili,1
4418,spici,1
4416,ami,1
1834,siren,1
1831,shout,1
4413,amus,1
1830,ceremoni,1
4410,neighbor,1
1873,acr,1
4408,frank,1
4407,scatter,1
4406,realpeoplecast,1
4405,zni,1
4404,fwecxqetkepghyxpiv,1
4403,eewxfkerljjfcnbea,1
4402,urc,1
4401,ynmpsodgi,1
4365,workplac,1
1876,wildlif,1
1877,cougar,1
1896,ration,1
1898,distant,1
1814,prone,1
1813,shootout,1
1903,childhood,1
1811,eavesdrop,1
1810,dump,1
1906,bombshel,1
1909,correctli,1
1910,gaggi,1
45,spoken,1
64,theif,1
1915,goddamn,1
1918,freshli,1
1800,cray,1
69,product,1
1799,thin,1
1798,straddl,1
1923,ray,1
1924,pit,1
1925,bull,1
1926,leash,1
1927,fo,1
113,michigan,1
4294,businessess,1
1797,palm,1
4292,monetari,1
4291,oral,1
4290,transmit,1
4289,diseas,1
1897,whereabout,1
1818,unpredict,1
1878,panther,1
1820,abil,1
1879,gator,1
4359,viewer,1
4358,element,1
4357,digger,1
4356,brand,1
4355,instanc,1
4354,superior,1
4353,uniqu,1
4352,predica,1
4351,kyidgu,1
1881,snake,1
4348,ddgaxzrw,1
4347,nationalselfieday,1
1829,stanc,1
1827,lifelin,1
4344,getaway,1
4343,forti,1
4342,atheist,1
4341,toss,1
4340,lake,1
1826,puke,1
4338,tiu,1
4337,aint,1
1887,hero,1
1824,entitl,1
1889,blindli,1
1823,restroom,1
1891,smarter,1
1822,postur,1
3666,keyboard,1
2109,begun,1
3664,giveaway,1
2362,cryptocurreci,1
2903,runner,1
2902,litter,1
2901,adec,1
2900,xbgho,1
2899,lr,1
2898,bdab,1
2897,dee,1
2896,dcf,1
2353,breakfast,1
2894,bjnumzwbgho,1
2893,cad,1
2891,deaf,1
2890,gazphxwbgho,1
1413,froze,1
2888,vwbgho,1
2887,viv,1
2885,qlhdtwbgho,1
2884,cbf,1
2883,fef,1
2882,swbgho,1
2357,steadi,1
2358,japan,1
2878,qwbgho,1
901,emotionless,1
2876,pr,1
2875,document,1
2873,weibo,1
2872,mingxiong,1
2871,liu,1
2904,pizza,1
895,dapper,1
2349,bruis,1
2926,buuuuuut,1
2941,screencap,1
2940,mast,1
2939,pid,1
2938,php,1
2936,hast,1
2935,exagger,1
2933,discourag,1
1422,pester,1
2931,slower,1
2930,convey,1
2929,pointer,1
889,okcupid,1
2927,stronk,1
1421,dial,1
2348,teen,1
2924,exploit,1
2923,en,1
2922,hc,1
2921,waist,1
2920,dissatisfi,1
2342,pcworld,1
2917,cali,1
2915,pragu,1
2914,scotland,1
2345,fang,1
2347,videogam,1
2910,disclos,1
2909,aspect,1
2361,un,1
2868,linkedin,1
2943,ey,1
910,earth,1
2832,brazil,1
2831,peru,1
2830,bowen,1
2829,zhang,1
941,practic,1
2825,dumbest,1
2824,silli,1
2823,dust,1
2822,bitten,1
2376,mail,1
2820,seizur,1
2819,woken,1
2818,ooop,1
2816,starv,1
950,photographi,1
953,prime,1
1383,academi,1
2381,phoney,1
1382,naval,1
2808,mere,1
959,preachi,1
1380,uneasi,1
2805,checkmat,1
2804,womb,1
2803,lickl,1
1379,terminolog,1
2801,patronis,1
2800,token,1
967,bold,1
2373,swap,1
2834,costa,1
2835,sol,1
922,smirk,1
911,bpm,1
1408,highway,1
2864,freelanc,1
2863,treatment,1
2862,psychiatr,1
2861,career,1
915,dental,1
1403,panic,1
918,askew,1
921,smolder,1
2856,unfreez,1
2855,launder,1
2854,tax,1
924,addict,1
2837,trek,1
1402,sinist,1
2368,estat,1
2849,obtain,1
2848,leverag,1
2847,sticker,1
2846,luxuri,1
2845,novel,1
927,scientist,1
2842,incom,1
1396,duti,1
1395,trunk,1
931,dopamin,1
2838,fluentli,1
2337,ugvjejp,1
2944,lvndevm,1
3088,dsay,1
1455,resort,1
3050,chad,1
1470,brain,1
808,indi,1
811,lift,1
816,seldom,1
3044,abruptli,1
2294,variou,1
820,changer,1
825,clown,1
2296,secondli,1
826,fuckboy,1
827,importantli,1
3036,zy,1
3035,hqrw,1
3034,pornstar,1
2297,psychot,1
3032,viber,1
3031,amd,1
828,snapshot,1
2301,faver,1
3027,triumph,1
3026,au,1
3025,taunt,1
3024,minigam,1
2302,starburst,1
2303,peloton,1
830,quirki,1
2304,balanc,1
836,twist,1
3051,heap,1
3052,risqu,1
3053,bikini,1
2282,kri,1
3086,synth,1
3085,telephon,1
3084,itll,1
794,assuredli,1
2276,strand,1
1479,handmad,1
1478,frame,1
3078,crass,1
3077,assert,1
1477,shelv,1
799,twin,1
3074,bush,1
2281,sharpest,1
2283,jenner,1
3055,regret,1
3070,pervert,1
3068,ripe,1
3067,holler,1
3066,hoot,1
3065,telemarket,1
2285,airlin,1
802,tactless,1
3062,bud,1
3060,transpar,1
3059,industri,1
2288,bingo,1
1473,mortifi,1
3056,eastern,1
1459,shifti,1
845,grant,1
2945,thiught,1
848,imper,1
2980,slightest,1
873,weigh,1
2978,takeaway,1
2322,payout,1
2976,occassion,1
2975,afar,1
874,contour,1
1437,standoffish,1
2969,moreov,1
2968,whatsoev,1
1434,proudest,1
2965,kilometr,1
882,petit,1
2330,simultan,1
883,cheek,1
2331,afaik,1
2959,amsterdam,1
2957,untrain,1
2956,gander,1
2955,occas,1
2954,gimm,1
2953,mistyp,1
2952,slang,1
1432,substanc,1
1431,extracurricular,1
2949,manner,1
2335,gwyn,1
2947,surg,1
2336,tinderageverifi,1
2981,bloodi,1
2321,karma,1
1443,overlook,1
3000,snare,1
1451,overnight,1
850,cooler,1
3011,toy,1
2309,goliath,1
2310,cankl,1
3008,particip,1
3007,divers,1
2311,sore,1
2313,ie,1
2314,obes,1
3003,tub,1
1447,hangov,1
2317,ella,1
2999,peev,1
2985,tutori,1
856,spiral,1
2997,prep,1
857,windi,1
2995,wholli,1
2994,penal,1
2318,snuggl,1
861,contrast,1
2991,acc,1
862,tiger,1
2989,voter,1
2988,poster,1
2987,sponsor,1
863,sedat,1
1377,stutter,1
2797,norm,1
2386,lulu,1
1202,whale,1
2469,stuf,1
2470,adopt,1
1181,recharg,1
2615,uif,1
2614,trueoffmychest,1
2613,phonebook,1
2612,golli,1
2611,bae,1
1183,span,1
2471,waiver,1
1185,unattract,1
1186,grain,1
2605,ahaha,1
1187,salt,1
1192,charm,1
2600,refresh,1
2598,tank,1
2477,stigma,1
2596,steer,1
2595,jerk,1
2594,passag,1
2592,consensu,1
2479,alley,1
2590,hypersexu,1
2589,unmet,1
2588,jab,1
1302,spontan,1
1301,bundi,1
1300,ted,1
1180,nit,1
2468,favourit,1
2467,qzcc,1
2457,fox,1
2651,signup,1
2451,reel,1
2649,commerci,1
2452,skydiv,1
2647,wet,1
2646,zipcod,1
1314,vie,1
2644,zip,1
1157,unconfirm,1
2455,michael,1
2456,j,1
2639,password,1
2638,spoof,1
2636,dysfunct,1
2466,lp,1
2635,erectil,1
2634,whachu,1
2458,advis,1
2459,entic,1
1312,est,1
2630,pig,1
2629,planet,1
1162,circular,1
1163,meter,1
2462,gallon,1
2463,haagen,1
2464,daz,1
2465,marley,1
2483,spoon,1
2484,anastasia,1
2387,keiko,1
2485,steel,1
2545,nightclub,1
2544,toilett,1
2543,parfum,1
2541,eau,1
2500,fatter,1
2501,uglier,1
2538,rosebudd,1
2502,tindweb,1
1281,properli,1
1242,compli,1
1278,siez,1
2505,buuuut,1
2532,solid,1
2531,tragic,1
2507,dwell,1
2529,karen,1
2528,stereotyp,1
2527,member,1
2526,pedophil,1
1248,sacrific,1
1251,hicki,1
2523,redflag,1
1255,lighter,1
1275,interview,1
2519,erot,1
2518,marvel,1
1265,mistakenli,1
2516,oodl,1
2515,defend,1
2546,venu,1
2547,ambient,1
2548,cellphon,1
1224,reward,1
1298,trainer,1
2579,discord,1
2487,congratul,1
2577,ditch,1
2488,hors,1
2489,marcu,1
2574,ype,1
2573,sk,1
2572,nhydpi,1
2490,aureliu,1
1213,gloss,1
1222,introvert,1
1223,warm,1
2491,zu,1
2549,recept,1
2565,presenc,1
2564,jacquelin,1
2563,england,1
2562,hzjw,1
2561,vr,1
2560,mr,1
2492,iw,1
2493,blank,1
2555,douchebag,1
2554,plug,1
2553,bright,1
2552,loung,1
2550,lap,1
2450,spacex,1
2653,postal,1
1319,knot,1
2448,rthoh,1
2400,gush,1
1020,gazel,1
2402,gather,1
2404,metatrad,1
2754,thatd,1
2753,chime,1
2406,jail,1
1028,passeng,1
2407,greatli,1
1037,ground,1
1358,mistaken,1
2411,pre,1
2746,bandwidth,1
1354,soror,1
2744,telecom,1
2743,neutral,1
1042,paramed,1
2740,bruh,1
1052,hilari,1
1054,harmless,1
2737,eminem,1
2736,flight,1
2735,nigerian,1
2416,bolt,1
1057,expressionless,1
2731,gambl,1
1058,rapidli,1
1059,flick,1
2728,downright,1
1013,pursuit,1
1360,manli,1
1011,leapt,1
2781,spell,1
2794,endur,1
2793,ala,1
980,whiski,1
2791,dimmer,1
2790,horrend,1
2789,hairstyl,1
2388,nagasawa,1
984,fifth,1
2786,task,1
2785,optimist,1
1372,eas,1
2783,fizzl,1
1371,shrug,1
2780,subsequ,1
1008,chair,1
1369,ckboy,1
1368,hon,1
2776,constru,1
1365,surfac,1
2395,explod,1
988,camel,1
991,obliter,1
999,bicker,1
1002,reliev,1
1003,solv,1
1364,scratch,1
1007,scoot,1
1363,causal,1
2726,affirm,1
2725,preposit,1
2418,hing,1
1127,tinfoil,1
1115,vari,1
1330,marker,1
2683,enviorn,1
2682,cosplay,1
2681,freelenc,1
2680,knight,1
2679,courtesi,1
2437,mpkwv,1
2676,theoret,1
1324,portal,1
2674,vcode,1
1121,sensic,1
2672,nonsens,1
2440,mcdonald,1
2689,whelp,1
2669,ftc,1
2441,mac,1
2442,kany,1
1322,overhead,1
2665,clarif,1
1137,phrase,1
2444,metric,1
1142,loui,1
2660,calendar,1
2446,chri,1
2447,hansen,1
2657,passcod,1
2656,curious,1
2688,butdon,1
2432,bowl,1
2723,wayyyyy,1
1342,identif,1
2419,fare,1
1063,fuckfest,1
2720,turner,1
1065,sloppi,1
2421,manhattan,1
1069,shmo,1
1070,fenc,1
1073,washington,1
1077,novemb,1
1345,balk,1
2711,virus,1
2710,mp,1
1085,relentless,1
2707,prnt,1
2430,whitney,1
2706,fi,1
2705,xray,1
2704,yacht,1
2703,nurs,1
2424,kytoumihgjm,1
1340,gang,1
1095,referenc,1
1099,wqahi,1
2697,bench,1
1103,notabl,1
1104,easiest,1
1106,undeni,1
1107,prolif,1
3087,kafka,1
3089,headphon,1
1663,yummi,1
3445,ot,1
1618,conspiraci,1
3475,exud,1
3474,huski,1
3473,ador,1
3471,unlist,1
3470,lookalik,1
3469,persuad,1
1608,elev,1
3467,gruesom,1
1607,psychopath,1
3465,rotten,1
2153,abandon,1
3463,rewind,1
2154,fraudul,1
1605,sane,1
3460,tindersecretd,1
3459,flown,1
3458,nympo,1
3457,bottomlin,1
1603,pierc,1
1602,caucasian,1
3454,suss,1
2158,lebanes,1
3452,pregnant,1
3451,wari,1
3450,birthdat,1
2159,otw,1
3448,astrolog,1
3447,chattig,1
1621,jokingli,1
3479,data,1
2144,cigarett,1
2138,foreplay,1
3514,plummet,1
3512,queue,1
3511,lun,1
3510,categor,1
3509,streamer,1
560,backroad,1
562,wreck,1
3505,amazingxxgirl,1
3504,justforfl,1
2136,goodby,1
2137,mightv,1
3501,down,1
3500,netflix,1
2139,intermiss,1
577,overreact,1
3497,equat,1
3496,repons,1
3495,unknown,1
3493,neighboorhood,1
1626,death,1
3491,punk,1
3490,bbdb,1
3489,cfbeeceeb,1
3488,bxgtzfav,1
3487,swip,1
3485,insecur,1
3483,expand,1
3482,palat,1
3446,germani,1
608,lotteri,1
3516,grandfath,1
3443,gir,1
2170,bebop,1
1590,romcom,1
1589,rain,1
3403,dammit,1
3402,amaz,1
639,acn,1
3400,traffic,1
3399,cup,1
3398,invari,1
3397,awash,1
2175,surreal,1
1588,pour,1
2177,jean,1
1586,impati,1
2179,buisi,1
2180,overli,1
3390,egotist,1
3389,structur,1
643,photogen,1
3387,athlet,1
3386,knoooowww,1
644,swiper,1
1585,hormon,1
3383,desktop,1
3382,unoffici,1
3381,tin,1
2182,boutta,1
3379,endgam,1
3377,wink,1
627,metropolitan,1
3409,mildli,1
3410,stat,1
1598,jordan,1
3442,homecountri,1
3441,randomnam,1
3440,tindplu,1
3439,deepli,1
3438,ime,1
3437,ux,1
3436,bia,1
1600,alik,1
3433,intellectu,1
2162,mint,1
620,empir,1
2163,tour,1
2164,beyonc,1
3427,largest,1
3411,grade,1
3426,dens,1
3424,circumv,1
3423,simul,1
622,reson,1
3421,humbl,1
3420,entreat,1
3419,psych,1
3418,suavest,1
1593,astrologist,1
623,latino,1
2169,cowboy,1
3413,downsid,1
3412,uni,1
3515,larger,1
2132,unenjoy,1
792,scrub,1
3587,fukkk,1
3625,simpler,1
3624,poof,1
3623,herb,1
3622,herbag,1
3620,balh,1
1649,hawker,1
3618,instabitch,1
3617,kim,1
3616,cultiv,1
2105,smaller,1
2106,stomach,1
3613,traffick,1
3612,ding,1
3610,tryna,1
2108,ordeal,1
516,statutori,1
1273,coldish,1
3604,wider,1
2113,reactiv,1
2114,shadier,1
3601,greedi,1
2115,thoroughli,1
3596,ci,1
1643,spine,1
1642,asham,1
1639,fatti,1
1638,tumblr,1
1637,cringeworthi,1
3590,ju,1
3627,naiv,1
3628,precauti,1
3630,recurr,1
3648,dug,1
3662,scambot,1
469,paywal,1
3659,dealbreak,1
3658,misinterpret,1
2094,simplic,1
3656,grown,1
1660,hostess,1
3654,intimid,1
3653,brightest,1
3652,safedatesverifi,1
3651,prematur,1
3650,stake,1
3649,grave,1
2096,increasingli,1
3631,cannabi,1
3646,bump,1
3645,kuwait,1
474,cherri,1
3643,kimberli,1
3641,awe,1
3640,gome,1
3639,tjat,1
3638,avvo,1
1653,summertim,1
3636,elizabeth,1
2100,pile,1
3633,whove,1
3632,temptat,1
3588,horizont,1
3586,trow,1
3518,satisfi,1
3585,jist,1
3549,nazi,1
3548,motherlanguag,1
3547,proport,1
544,deliber,1
3545,anthem,1
3544,honeymoon,1
3543,blush,1
3542,breath,1
3541,wegman,1
3539,sincer,1
1635,sepia,1
3537,pump,1
1634,oookc,1
3535,effortless,1
3534,jenni,1
3533,hbu,1
3532,belt,1
3531,resolut,1
546,racket,1
3528,slick,1
3527,marin,1
3526,vietnames,1
3525,hangman,1
3524,corni,1
548,happier,1
3522,hmm,1
3521,ohhh,1
549,storytim,1
3519,psycholog,1
3551,territori,1
3553,lichtenstein,1
3554,north,1
3570,knife,1
3584,om,1
3583,fuel,1
3582,podcast,1
3581,nonsen,1
3580,mw,1
3579,woo,1
3578,sofa,1
3577,relax,1
537,polici,1
3574,hmmm,1
3573,robberi,1
3572,calcul,1
3571,poket,1
3569,anxiou,1
3555,circa,1
3568,gp,1
3567,apparta,1
538,contentpolici,1
3565,appart,1
3564,crimin,1
3563,austria,1
3562,roadtrip,1
539,commodit,1
3560,belgium,1
3559,imo,1
3558,blabla,1
3557,itali,1
541,loneli,1
3376,oof,1
3375,timelin,1
3374,inadvert,1
752,inferior,1
3192,confushion,1
2244,repugn,1
3190,fam,1
3189,mexico,1
2245,enact,1
1515,factor,1
3186,sight,1
746,shaft,1
2248,ofcours,1
748,fugli,1
2249,surnam,1
1510,umm,1
3179,flirtat,1
1509,treke,1
1506,cleaner,1
3176,booster,1
3175,expenisv,1
750,shake,1
3173,kyvjbl,1
751,bout,1
3171,categori,1
3170,pregnanc,1
3169,unment,1
3168,chin,1
3167,tripl,1
3166,scab,1
3165,meth,1
3164,unrecogniz,1
3163,program,1
3193,boom,1
3194,prefac,1
3195,honesti,1
3216,cooki,1
2231,delusion,1
2232,seduc,1
3227,illus,1
2233,ponzi,1
712,cheap,1
3224,metro,1
3223,assign,1
720,negat,1
2234,licens,1
1534,aback,1
3219,philippin,1
730,dehydr,1
3217,cutter,1
3215,aka,1
3196,sfw,1
3214,asswhol,1
731,modest,1
733,artsi,1
1531,lakeview,1
3209,sold,1
3206,bation,1
3205,accredit,1
3204,tick,1
736,inhibit,1
3202,can,1
740,utmost,1
3199,stall,1
2241,aforement,1
1505,sh,1
2255,whim,1
1584,homework,1
3159,whatapp,1
3121,legitimaci,1
3120,whoi,1
3119,wiredcircular,1
3118,xchatroom,1
3117,ninja,1
3116,shorten,1
775,greater,1
3113,delay,1
777,expend,1
3111,kilomet,1
2269,taught,1
1493,coat,1
784,sean,1
3107,netherland,1
3106,suspend,1
3105,temporarili,1
3104,brave,1
3103,pct,1
1492,snuck,1
785,pri,1
787,wine,1
2272,engin,1
3098,fetishist,1
3096,fascin,1
3095,project,1
3094,fewminut,1
3093,angrili,1
2274,employ,1
3091,deeper,1
3122,written,1
1494,freez,1
3124,paper,1
3143,mcnugget,1
3158,hmu,1
3157,michel,1
3156,bay,1
3155,dumbass,1
3154,vindict,1
3153,ponder,1
3152,stub,1
1503,ssi,1
3150,downer,1
3149,debbi,1
3148,clever,1
3147,sweeti,1
2260,blink,1
3142,nugget,1
3125,resist,1
2261,colleagu,1
3140,lend,1
758,propel,1
1496,bloom,1
3136,awkwardli,1
3135,recollect,1
3134,rusti,1
3133,unrequit,1
3132,mope,1
3131,joy,1
3130,lab,1
3129,biolog,1
3126,zeiyx,1
3230,thailand,1
3231,vietnam,1
1536,flabbergast,1
2229,agent,1
2196,pioneer,1
3334,newli,1
1569,cooch,1
1568,crotch,1
2199,pheromon,1
690,nicer,1
2200,phycolog,1
3328,exe,1
2201,prolli,1
3326,xlbuy,1
3325,blackhat,1
3324,savvi,1
3323,usabl,1
2202,dildo,1
3320,carreer,1
1564,preced,1
3317,null,1
3316,meme,1
3315,eid,1
3314,emailblastcont,1
3313,etyp,1
3312,navytim,1
2207,rosa,1
3309,swindl,1
3308,entail,1
1562,cring,1
2210,isol,1
1561,horniest,1
3304,irrit,1
3336,stamp,1
684,kitti,1
3338,slut,1
1575,coach,1
663,crisp,1
3371,paralys,1
3368,tw,1
674,editor,1
3366,dodegi,1
3365,slay,1
3364,stagger,1
3363,sham,1
3362,intimaci,1
3361,formal,1
3360,pathet,1
676,adob,1
2188,astonish,1
3356,gmail,1
3339,slur,1
2190,cushioni,1
677,lightroom,1
3353,unreason,1
2191,adida,1
3351,campfir,1
3350,clone,1
680,garner,1
2193,mob,1
3346,remark,1
3344,scame,1
3343,wisdom,1
3342,veteran,1
3341,lookout,1
3303,gah,1
3302,pii,1
2212,snitch,1
3248,assfuck,1
1553,stone,1
3261,happend,1
3260,beacaus,1
3258,serch,1
2225,attend,1
3256,alsow,1
3255,locaiton,1
3254,befor,1
3253,stalki,1
1544,selif,1
3251,chate,1
3250,opend,1
3249,pixel,1
3247,wane,1
704,usm,1
710,ipod,1
3245,mabi,1
3244,relog,1
3243,deci,1
3242,loge,1
1543,axe,1
3240,gamer,1
3239,fellow,1
3238,heeey,1
3237,dejavu,1
2228,insur,1
3235,autom,1
3234,unad,1
3264,impact,1
3266,sf,1
3300,gxuwxwotuzb,1
3284,alicant,1
3298,aliexpress,1
3297,kindli,1
3296,toulous,1
3295,lisbon,1
3294,fiscal,1
3293,franch,1
3292,blade,1
3291,shoulder,1
3290,wrist,1
3289,ace,1
3288,calf,1
3287,dragon,1
2215,subpar,1
3283,properti,1
2221,spotti,1
3282,jujutsu,1
3281,poker,1
3280,dancer,1
3279,medicin,1
3278,kingdom,1
3277,unit,1
2216,couldv,1
3275,lion,1
2217,lip,1
2219,lord,1
701,mm,1
3269,lifestyl,1
3268,physiqu,1
4701,narcissist,1
